{
  "layer_0": {
    "a1": 1.0,
    "b1": 0.7575757575757576,
    "c1": 1.0,
    "d1": 1.0,
    "e1": 1.0,
    "f1": 0.9393939393939394,
    "g1": 0.5151515151515151,
    "h1": 1.0,
    "a2": 1.0,
    "b2": 1.0,
    "c2": 0.7575757575757576,
    "d2": 0.6060606060606061,
    "e2": 0.12121212121212122,
    "f2": 0.8787878787878788,
    "g2": 1.0,
    "h2": 1.0,
    "a3": 1.0,
    "b3": 1.0,
    "c3": 0.7575757575757576,
    "d3": 1.0,
    "e3": 1.0,
    "f3": 0.6363636363636364,
    "g3": 1.0,
    "h3": 1.0,
    "a4": 1.0,
    "b4": 1.0,
    "c4": 0.696969696969697,
    "d4": 0.6060606060606061,
    "e4": 0.696969696969697,
    "f4": 0.8787878787878788,
    "g4": 1.0,
    "h4": 1.0,
    "a5": 1.0,
    "b5": 1.0,
    "c5": 0.8787878787878788,
    "d5": 0.8181818181818182,
    "e5": 0.7575757575757576,
    "f5": 1.0,
    "g5": 1.0,
    "h5": 1.0,
    "a6": 1.0,
    "b6": 0.9696969696969697,
    "c6": 0.7878787878787878,
    "d6": 0.5757575757575758,
    "e6": 0.9696969696969697,
    "f6": 0.7272727272727273,
    "g6": 0.7575757575757576,
    "h6": 1.0,
    "a7": 1.0,
    "b7": 1.0,
    "c7": 0.9393939393939394,
    "d7": 0.24242424242424243,
    "e7": 0.9696969696969697,
    "f7": 1.0,
    "g7": 0.7575757575757576,
    "h7": 1.0,
    "a8": 1.0,
    "b8": 0.7878787878787878,
    "c8": 1.0,
    "d8": 1.0,
    "e8": 0.9696969696969697,
    "f8": 0.9090909090909091,
    "g8": 0.696969696969697,
    "h8": 0.9696969696969697
  },
  "layer_1": {
    "a1": 1.0,
    "b1": 0.7575757575757576,
    "c1": 1.0,
    "d1": 1.0,
    "e1": 1.0,
    "f1": 0.9393939393939394,
    "g1": 0.696969696969697,
    "h1": 1.0,
    "a2": 1.0,
    "b2": 1.0,
    "c2": 0.7575757575757576,
    "d2": 0.6363636363636364,
    "e2": 0.5454545454545454,
    "f2": 0.8787878787878788,
    "g2": 1.0,
    "h2": 1.0,
    "a3": 1.0,
    "b3": 1.0,
    "c3": 0.7575757575757576,
    "d3": 1.0,
    "e3": 1.0,
    "f3": 0.6363636363636364,
    "g3": 1.0,
    "h3": 1.0,
    "a4": 1.0,
    "b4": 1.0,
    "c4": 0.696969696969697,
    "d4": 0.6060606060606061,
    "e4": 0.696969696969697,
    "f4": 0.8787878787878788,
    "g4": 1.0,
    "h4": 1.0,
    "a5": 1.0,
    "b5": 1.0,
    "c5": 0.45454545454545453,
    "d5": 0.8181818181818182,
    "e5": 0.7575757575757576,
    "f5": 1.0,
    "g5": 1.0,
    "h5": 1.0,
    "a6": 1.0,
    "b6": 0.9696969696969697,
    "c6": 0.7878787878787878,
    "d6": 0.5757575757575758,
    "e6": 0.9696969696969697,
    "f6": 0.7272727272727273,
    "g6": 0.7575757575757576,
    "h6": 1.0,
    "a7": 1.0,
    "b7": 1.0,
    "c7": 0.9393939393939394,
    "d7": 0.5757575757575758,
    "e7": 0.9696969696969697,
    "f7": 1.0,
    "g7": 0.7575757575757576,
    "h7": 1.0,
    "a8": 1.0,
    "b8": 0.7878787878787878,
    "c8": 1.0,
    "d8": 1.0,
    "e8": 0.9696969696969697,
    "f8": 0.9090909090909091,
    "g8": 0.42424242424242425,
    "h8": 0.9696969696969697
  },
  "layer_2": {
    "a1": 1.0,
    "b1": 0.24242424242424243,
    "c1": 1.0,
    "d1": 1.0,
    "e1": 1.0,
    "f1": 0.9393939393939394,
    "g1": 0.7878787878787878,
    "h1": 1.0,
    "a2": 1.0,
    "b2": 1.0,
    "c2": 0.42424242424242425,
    "d2": 0.6363636363636364,
    "e2": 0.3939393939393939,
    "f2": 0.8787878787878788,
    "g2": 1.0,
    "h2": 1.0,
    "a3": 1.0,
    "b3": 1.0,
    "c3": 0.7575757575757576,
    "d3": 1.0,
    "e3": 1.0,
    "f3": 0.6666666666666666,
    "g3": 0.6666666666666666,
    "h3": 1.0,
    "a4": 1.0,
    "b4": 1.0,
    "c4": 0.696969696969697,
    "d4": 0.6363636363636364,
    "e4": 0.696969696969697,
    "f4": 0.8787878787878788,
    "g4": 1.0,
    "h4": 1.0,
    "a5": 1.0,
    "b5": 1.0,
    "c5": 0.8787878787878788,
    "d5": 0.8181818181818182,
    "e5": 0.7575757575757576,
    "f5": 1.0,
    "g5": 1.0,
    "h5": 1.0,
    "a6": 1.0,
    "b6": 0.9696969696969697,
    "c6": 0.7878787878787878,
    "d6": 0.5757575757575758,
    "e6": 0.9696969696969697,
    "f6": 0.6363636363636364,
    "g6": 0.3939393939393939,
    "h6": 1.0,
    "a7": 1.0,
    "b7": 1.0,
    "c7": 0.3939393939393939,
    "d7": 0.5757575757575758,
    "e7": 0.9696969696969697,
    "f7": 1.0,
    "g7": 0.7575757575757576,
    "h7": 1.0,
    "a8": 1.0,
    "b8": 0.7878787878787878,
    "c8": 1.0,
    "d8": 1.0,
    "e8": 0.9696969696969697,
    "f8": 0.9090909090909091,
    "g8": 0.2727272727272727,
    "h8": 0.9696969696969697
  },
  "layer_3": {
    "a1": 1.0,
    "b1": 0.7575757575757576,
    "c1": 1.0,
    "d1": 1.0,
    "e1": 1.0,
    "f1": 0.9393939393939394,
    "g1": 0.5151515151515151,
    "h1": 1.0,
    "a2": 1.0,
    "b2": 1.0,
    "c2": 0.7575757575757576,
    "d2": 0.6060606060606061,
    "e2": 0.45454545454545453,
    "f2": 0.8787878787878788,
    "g2": 1.0,
    "h2": 1.0,
    "a3": 1.0,
    "b3": 1.0,
    "c3": 0.7878787878787878,
    "d3": 1.0,
    "e3": 1.0,
    "f3": 0.5757575757575758,
    "g3": 0.6666666666666666,
    "h3": 1.0,
    "a4": 1.0,
    "b4": 1.0,
    "c4": 0.696969696969697,
    "d4": 0.6060606060606061,
    "e4": 0.696969696969697,
    "f4": 0.8787878787878788,
    "g4": 1.0,
    "h4": 1.0,
    "a5": 1.0,
    "b5": 1.0,
    "c5": 0.8787878787878788,
    "d5": 0.8181818181818182,
    "e5": 0.7575757575757576,
    "f5": 1.0,
    "g5": 1.0,
    "h5": 1.0,
    "a6": 1.0,
    "b6": 0.9696969696969697,
    "c6": 0.7878787878787878,
    "d6": 0.5757575757575758,
    "e6": 0.9696969696969697,
    "f6": 0.36363636363636365,
    "g6": 0.7575757575757576,
    "h6": 1.0,
    "a7": 1.0,
    "b7": 1.0,
    "c7": 0.7272727272727273,
    "d7": 0.5757575757575758,
    "e7": 0.9696969696969697,
    "f7": 1.0,
    "g7": 0.7575757575757576,
    "h7": 1.0,
    "a8": 1.0,
    "b8": 0.7878787878787878,
    "c8": 1.0,
    "d8": 1.0,
    "e8": 0.9696969696969697,
    "f8": 0.9090909090909091,
    "g8": 0.2727272727272727,
    "h8": 0.9696969696969697
  },
  "layer_4": {
    "a1": 1.0,
    "b1": 0.42424242424242425,
    "c1": 1.0,
    "d1": 1.0,
    "e1": 1.0,
    "f1": 0.9393939393939394,
    "g1": 0.7878787878787878,
    "h1": 1.0,
    "a2": 1.0,
    "b2": 1.0,
    "c2": 0.7575757575757576,
    "d2": 0.6363636363636364,
    "e2": 0.45454545454545453,
    "f2": 0.8787878787878788,
    "g2": 1.0,
    "h2": 1.0,
    "a3": 1.0,
    "b3": 1.0,
    "c3": 0.7575757575757576,
    "d3": 1.0,
    "e3": 1.0,
    "f3": 0.5757575757575758,
    "g3": 1.0,
    "h3": 1.0,
    "a4": 1.0,
    "b4": 1.0,
    "c4": 0.696969696969697,
    "d4": 0.6060606060606061,
    "e4": 0.696969696969697,
    "f4": 0.8787878787878788,
    "g4": 1.0,
    "h4": 1.0,
    "a5": 1.0,
    "b5": 1.0,
    "c5": 0.8787878787878788,
    "d5": 0.8181818181818182,
    "e5": 0.7575757575757576,
    "f5": 1.0,
    "g5": 1.0,
    "h5": 1.0,
    "a6": 1.0,
    "b6": 0.9696969696969697,
    "c6": 0.7878787878787878,
    "d6": 0.5757575757575758,
    "e6": 0.9696969696969697,
    "f6": 0.6363636363636364,
    "g6": 0.7575757575757576,
    "h6": 1.0,
    "a7": 1.0,
    "b7": 1.0,
    "c7": 0.7272727272727273,
    "d7": 0.5757575757575758,
    "e7": 0.9696969696969697,
    "f7": 1.0,
    "g7": 0.18181818181818182,
    "h7": 1.0,
    "a8": 1.0,
    "b8": 0.7878787878787878,
    "c8": 1.0,
    "d8": 1.0,
    "e8": 0.9696969696969697,
    "f8": 0.9090909090909091,
    "g8": 0.48484848484848486,
    "h8": 0.9696969696969697
  },
  "layer_5": {
    "a1": 1.0,
    "b1": 0.21212121212121213,
    "c1": 1.0,
    "d1": 1.0,
    "e1": 1.0,
    "f1": 0.9393939393939394,
    "g1": 0.7878787878787878,
    "h1": 1.0,
    "a2": 1.0,
    "b2": 1.0,
    "c2": 0.7575757575757576,
    "d2": 0.6666666666666666,
    "e2": 0.45454545454545453,
    "f2": 0.8787878787878788,
    "g2": 1.0,
    "h2": 1.0,
    "a3": 1.0,
    "b3": 1.0,
    "c3": 0.7878787878787878,
    "d3": 1.0,
    "e3": 1.0,
    "f3": 0.6666666666666666,
    "g3": 1.0,
    "h3": 1.0,
    "a4": 1.0,
    "b4": 1.0,
    "c4": 0.696969696969697,
    "d4": 0.6060606060606061,
    "e4": 0.8484848484848485,
    "f4": 0.8787878787878788,
    "g4": 1.0,
    "h4": 1.0,
    "a5": 1.0,
    "b5": 1.0,